<?xml version="1.0" encoding="UTF-8"?>
<metadata>
  <identifier>vm386</identifier>
  <mediatype>software</mediatype>
  <collection>floppysoftware</collection>
  <creator>Intelligent Graphics Corporation</creator>
  <date>1988-08-01</date>
  <description>VM/386 - Virtual Machine for the 80386&lt;div&gt;Version 1.20&lt;/div&gt;</description>
  <language>eng</language>
  <scanner>Internet Archive HTML5 Uploader 1.6.4</scanner>
  <subject>80386</subject>
  <subject>MS-DOS</subject>
  <subject>multitasker</subject>
  <subject>v86</subject>
  <title>VM/386</title>
  <uploader>neozeed@gmail.com</uploader>
  <publicdate>2020-05-22 13:02:23</publicdate>
  <addeddate>2020-05-22 13:02:23</addeddate>
  <curation>[curator]validator@archive.org[/curator][date]20200522130934[/date][comment]checked for malware[/comment]</curation>
  <collection>vintagesoftware</collection>
</metadata>
