<?xml version="1.0" encoding="UTF-8"?>
<files>
  <file name="VM386-1.2 ME12-03147.vfd" source="original">
    <mtime>1590152506</mtime>
    <size>737280</size>
    <md5>f9eb2365cd444aa9e1ce27aa23a5fb54</md5>
    <crc32>325a8167</crc32>
    <sha1>1fca1680eaf63b1b8b66cb40524df9510781702d</sha1>
    <format>Unknown</format>
  </file>
  <file name="VM386-1.22 ME12-20143 - disc1.vfd" source="original">
    <mtime>1590152534</mtime>
    <size>737280</size>
    <md5>b98d05027649863c3847ab052462223d</md5>
    <crc32>7573d3c4</crc32>
    <sha1>aae5a65af2df690d7758ff115855913843a42846</sha1>
    <format>Unknown</format>
  </file>
  <file name="VM386-1.22 ME12-20143 - disc2.vfd" source="original">
    <mtime>1590152543</mtime>
    <size>737280</size>
    <md5>2c11c8ba9e20a9e1e50f2e9cf20881a4</md5>
    <crc32>7a65f545</crc32>
    <sha1>1312357b6a13c65926681325c40b8e94293db4f7</sha1>
    <format>Unknown</format>
  </file>
  <file name="__ia_thumb.jpg" source="original">
    <mtime>1613784385</mtime>
    <size>4688</size>
    <md5>3e25fe1df3a5aa9838c019538970875c</md5>
    <crc32>1bde953e</crc32>
    <sha1>2e0b5520fca5d74f2528ac6e6776987fe850689b</sha1>
    <format>Item Tile</format>
    <rotation>0</rotation>
  </file>
  <file name="vm386.jpg" source="original">
    <mtime>1590152465</mtime>
    <size>235291</size>
    <md5>79a68656d4956a7c55d96a0372ddd0ce</md5>
    <crc32>09b9a6a8</crc32>
    <sha1>7a9ff970907bfd2dade24afb27b419bd0c400867</sha1>
    <format>JPEG</format>
    <rotation>0</rotation>
  </file>
  <file name="vm386_archive.torrent" source="metadata">
    <btih>f47bafc1b921fc8513f6e350c7b8f80b4691b827</btih>
    <mtime>1642488717</mtime>
    <size>2518</size>
    <md5>70230dcb76eb6bfab3e2be5b5c595367</md5>
    <crc32>b3676e71</crc32>
    <sha1>15097bd131b204392301b73bce530443f8a15543</sha1>
    <format>Archive BitTorrent</format>
  </file>
  <file name="vm386_files.xml" source="original">
    <format>Metadata</format>
    <md5>d5184d3b6d290f02f70e85fca6e7472f</md5>
    <summation>md5</summation>
  </file>
  <file name="vm386_meta.sqlite" source="original">
    <mtime>1590152606</mtime>
    <size>18432</size>
    <md5>3d75b7a1cb69dbce90900bc52fd51428</md5>
    <crc32>49867916</crc32>
    <sha1>b4acddc0d95f74c0d3d02eaa9f93e17b9042539f</sha1>
    <format>Metadata</format>
  </file>
  <file name="vm386_meta.xml" source="original">
    <mtime>1642488715</mtime>
    <size>882</size>
    <md5>fc0377520d3f803872692ccfb34963ea</md5>
    <crc32>133a6063</crc32>
    <sha1>bd448b576262882a8e31a78090732464a121a2b4</sha1>
    <format>Metadata</format>
  </file>
  <file name="vm386_thumb.jpg" source="derivative">
    <format>JPEG Thumb</format>
    <original>vm386.jpg</original>
    <mtime>1590153025</mtime>
    <size>2741</size>
    <md5>5275a0b40bd752bcb7cfde3389148ef9</md5>
    <crc32>2ef51ff3</crc32>
    <sha1>2022a2c887c02a64430e46935e21aea03777734b</sha1>
  </file>
</files>
