<?xml version="1.0" encoding="UTF-8"?>
<metadata>
  <identifier>all-charge-386</identifier>
  <mediatype>software</mediatype>
  <collection>open_source_software</collection>
  <creator>ALL Computers</creator>
  <date>1992-03-20</date>
  <description>&lt;div&gt;ALL CHARGE 386 Release 3.2, [March 20, 1992]&lt;/div&gt;&lt;div&gt;&lt;br /&gt;&lt;/div&gt;&lt;div&gt;Introduction&lt;/div&gt;&lt;div&gt;&lt;br /&gt;&lt;/div&gt;&lt;div&gt;The ALL  CHARGE 386  Release 3.2 memory manager is now compatible with&lt;/div&gt;&lt;div&gt;Windows 3.0 running in Enhanced mode! We have also included the ALLOPT&lt;/div&gt;&lt;div&gt;memory optimizer, and an enhanced ALLMENU utility.&lt;/div&gt;&lt;div&gt;&lt;br /&gt;&lt;/div&gt;&lt;div&gt;Use with Windows 3.0&lt;/div&gt;&lt;div&gt;&lt;br /&gt;&lt;/div&gt;&lt;div&gt;ALL CHARGE  386 is  compatible with  Windows 3.0  in Real  or Enhanced&lt;/div&gt;&lt;div&gt;mode. In  Real mode, ALL CHARGE 386 provides Large Frame EMS. Enhanced&lt;/div&gt;&lt;div&gt;mode provides  Windows with  complete access  to all  your RAM,  while&lt;/div&gt;&lt;div&gt;still allowing  you to  load TSRs, network drivers and other utilities&lt;/div&gt;&lt;div&gt;into Reserved  Memory above  640K. This  provides all  the benefits of&lt;/div&gt;&lt;div&gt;Windows on  a 386,  while keeping  the  largest  possible  DOS  memory&lt;/div&gt;&lt;div&gt;available. ALL  CHARGE 386  does not support Standard mode and Windows&lt;/div&gt;&lt;div&gt;startup will be cancelled.&lt;/div&gt;&lt;div&gt;&lt;br /&gt;&lt;/div&gt;&lt;div&gt;The device driver for ALL CHARGE 386 now has three components:&lt;/div&gt;&lt;div&gt;&lt;br /&gt;&lt;/div&gt;&lt;div&gt;     ALLEMM4.SYS    - main device driver&lt;/div&gt;&lt;div&gt;     ALLEMM4.EXE    - control program&lt;/div&gt;&lt;div&gt;     ALLEMM4.VXD    - virtual device driver for Windows 3.0&lt;/div&gt;&lt;div&gt;&lt;br /&gt;&lt;/div&gt;&lt;div&gt;Disk image made with WinImage&lt;/div&gt;</description>
  <language>eng</language>
  <scanner>Internet Archive HTML5 Uploader 1.6.4</scanner>
  <subject>ALL Computers</subject>
  <title>ALL Charge 386 Memory Management Disk</title>
  <subject>Memory Manager</subject>
  <subject>386</subject>
  <subject>Windows 3.0</subject>
  <subject>DOS</subject>
  <subject>Motherboard</subject>
  <uploader>dano@thisoldtech.ca</uploader>
  <collection>community</collection>
  <publicdate>2022-04-06 04:48:39</publicdate>
  <addeddate>2022-04-06 04:48:39</addeddate>
  <curation>[curator]validator@archive.org[/curator][date]20220406045400[/date][comment]checked for malware[/comment]</curation>
</metadata>
