<?xml version="1.0" encoding="UTF-8"?>
<files>
  <file name="__ia_thumb.jpg" source="original">
    <mtime>1649220532</mtime>
    <size>13391</size>
    <md5>b09bbdeb28f7e999851da4ca18727d5b</md5>
    <crc32>4212713e</crc32>
    <sha1>f86c3b625e147c1b921f1061de3013aa08793529</sha1>
    <format>Item Tile</format>
    <rotation>0</rotation>
  </file>
  <file name="all-charge-386.imz" source="original">
    <mtime>1649220507</mtime>
    <size>402563</size>
    <md5>23c05c4cefe17bf7412a147930ce6307</md5>
    <crc32>136a32a6</crc32>
    <sha1>682d2c26ea94dcf48ff55545480fed87f844dfc7</sha1>
    <format>Unknown</format>
    <viruscheck>1649220840</viruscheck>
  </file>
  <file name="all-charge-386.jpg" source="original">
    <mtime>1649220520</mtime>
    <size>419935</size>
    <md5>eb98942e200e4f6640b4f28a8ced9fab</md5>
    <crc32>2df88858</crc32>
    <sha1>2fe1c79c91e65b46ed90fc36ba1ae2e2a3d9d6e0</sha1>
    <format>JPEG</format>
    <rotation>0</rotation>
  </file>
  <file name="all-charge-386_archive.torrent" source="metadata">
    <btih>f16ce5649cf8bce613c207f405cdfb16e5c3a1a7</btih>
    <mtime>1649220859</mtime>
    <size>2177</size>
    <md5>f957633359bba47a2ced9d4c8f05491c</md5>
    <crc32>ddd2446b</crc32>
    <sha1>3c4572c43bc7ec69b38bd61f77300508015e0c60</sha1>
    <format>Archive BitTorrent</format>
  </file>
  <file name="all-charge-386_files.xml" source="original">
    <format>Metadata</format>
    <md5>cc7bd1640d8c4c9ec082eafd452bfd98</md5>
    <summation>md5</summation>
  </file>
  <file name="all-charge-386_meta.sqlite" source="original">
    <mtime>1649220526</mtime>
    <size>32768</size>
    <md5>ec229a40786681d151fd2941dcbb1801</md5>
    <crc32>086ad789</crc32>
    <sha1>66b8d6f058d69492e6f67b2d24dc84de3391ff3a</sha1>
    <format>Metadata</format>
  </file>
  <file name="all-charge-386_meta.xml" source="original">
    <mtime>1649220840</mtime>
    <size>2640</size>
    <md5>6709715dda47f5a223c67505bb19884a</md5>
    <crc32>e4898b80</crc32>
    <sha1>55ea4a147911060472cb28f5eb9c119fe2691d89</sha1>
    <format>Metadata</format>
  </file>
  <file name="all-charge-386_thumb.jpg" source="derivative">
    <format>JPEG Thumb</format>
    <original>all-charge-386.jpg</original>
    <mtime>1649220856</mtime>
    <size>24545</size>
    <md5>de12c48cc1e601dbffadc429ba06c387</md5>
    <crc32>d3733413</crc32>
    <sha1>65e06205b337caa8ba9237dda21c640230660fe5</sha1>
  </file>
</files>
